Dataset Name,Domain,Source,Country,Data Type,Access Level,Link,Use Cases,Last Updated,Challenges/Notes
Common Voice (African Languages),NLP,Mozilla,Africa-wide,Audio,Open Access (CC0 – Public Domain),https://www.mozillafoundation.org/en/common-voice/,"Speech recognition, voice assistants",2024,Requires cleaning for production use
KenSwQuAD: Swahili QA Dataset,NLP,Barack W. Wanjawa et al.,Kenya,Text,Public (Via arXiv),https://arxiv.org/abs/2205.02364,"Question answering systems, NLP research",2022,Limited to Swahili; dataset size may be small
FLORES+,NLP,Facebook AI /Meta,Africa-wide,Text,Open Access (CC BY-SA 4.0),https://huggingface.co/datasets/openlanguagedata/flores_plus,Evaluating multilingual MT systems,2024,Used in Masakhane benchmarking; supports low-resource settings
Financial Inclusion Speech Dataset,NLP,Ashesi University (Ghana),Ghana,"Audio, Text",Open Access (CC BY 4.0),https://github.com/Ashesi-Org/Financial-Inclusion-Speech-Dataset,"Train Automatic Speech Recognition (ASR) models for Ghanaian languages in financial contexts
- Develop voice-based financial chatbots and voice-USSD interfaces for mobile money services
- Build Text-to-Speech (TTS) systems to deliver financial information via voice
- Create language models for financial NLP in low-resource African languages
- Research on digital financial inclusion barriers and language use in underserved communities",2024,"Dataset size is likely modest (tens of hours) — may require augmentation for robust ASR
- Transcriptions may vary in quality or standardization"
Afri Code Datasets (A collection of datasets for code generation in African languages),NLP,michsethowusu - Curator on Hugging Face,Africa-wide,Text,Apache 2.0,https://huggingface.co/collections/michsethowusu/afri-code-datasets,"Training and evaluating Large Language Models (LLMs) for code generation, building AI-powered coding assistants that understand African languages, research in low-resource NLP, improving developer productivity for non-English speakers.",2023,"This is a collection, not a single dataset, so users must navigate to individual datasets for use. The primary challenge it addresses is the extreme scarcity of parallel code-text data for low-resource African languages. The quality, size, and language coverage may vary significantly between the individual datasets in the collection."
BIG-C: Bemba Image Grounded Conversations,NLP,"University of Zambia (Claytone Sikasote, Eunice Mukonde) + George Mason University (Antonios Anastasopoulos)",Zambia ,Mixed Formats,Open Access (CC BY-ND 4.0),https://github.com/csikasote/bigc,"Training ASR (Automatic Speech Recognition) for Bemba
- Building MT (Machine Translation) from Bemba → English",2023,"Language-specific: Bemba has no prior large-scale digital resources
- Audio quality varies (field recordings)"
"Kallaama: A Transcribed Speech Dataset about Agriculture in Wolof, Pulaar, and Sereer",NLP,Jokalante SARL,Senegal,Mixed Formats,Open Access (CC BY 4.0),https://github.com/gauthelo/kallaama-speech-dataset,"Train Automatic Speech Recognition (ASR) models for Senegalese languages
- Build Text-to-Speech (TTS) systems for digital inclusion",2024,Dataset focused on agricultural domain
Tanzil Quran Translation Corpus,NLP,"(Dakar, Senegal)",Africa-wide,Text,Open Access (CC BY 4.0),https://opus.nlpl.eu/Tanzil/corpus/version/Tanzil,"Machine translation, religious NLP research, cross-lingual modeling",2021,"Contains 60+ language translations including Hausa, Swahili, Amharic, Yoruba; not for commercial use without permission; must cite source if used in research"
Tatoeba – Multilingual Sentence Pairs,NLP,Tatoeba Project,Africa-wide,Text,Open Access (CC BY 2.0),https://tatoeba.org/en/downloads,"Machine translation, language modeling, multilingual NLP research",2025,"Contains multiple African languages like Swahili, Yoruba, Zulu, Hausa, Amharic; may require filtering or preprocessing for specific use"
TICO-19 Corpus,NLP,OPUS Project (University of Helsinki),Africa-wide,Text,Open Access (CC0 – Public Domain),https://opus.nlpl.eu/tico-19/corpus/version/tico-19,"Multilingual crisis communication, MT model training, pandemic response content localization",2021,Contains 37 languages; includes 75 bitexts and over 18 million tokens; suitable for low-resource language translation tasks
CCAligned: A Massive Collection of Cross-lingual Web-Document Pairs,NLP,"Research team
(Ahmed El-Kishky, Vishrav Chaudhary, Francisco Guzmán, Philipp Koehn)",Africa-wide,Mixed Formats,Public,https://www.statmt.org/cc-aligned/,"Training multilingual and zero-shot machine translation models
- Building cross-lingual retrieval systems
- Creating parallel corpora for low-resource languages",2020,"Alignment based on URL patterns — may produce noisy or incorrect pairs
- No human verification — contains spam, low-quality, or irrelevant content
- Document-level alignment — not always sentence-level parallel"
SaDILAR Language Resources,NLP,South African Centre for Digital Language Resources (SaDILAR),South Africa,"Audio, Text",Open Access (CC BY 4.0),https://repo.sadilar.org/home,"Speech recognition, language modeling, machine translation, education, digital humanities", 2024),"High-quality, curated resources; some require registration or specific software (e.g., ELAN, Praat); documentation varies across datasets"
OpenSLR African Speech Corpora,NLP,OpenSLR Community,Africa-wide,Audio,Open Access (CC BY-SA 4.0),https://openslr.org/?spm=a2ty_o01.29997173.0.0.1526c921lJquWk,"ASR system training, speech synthesis",2022,"Includes crowd-sourced recordings for Yoruba, Zulu, Kinyarwanda, etc."
AfriHate: Multilingual Hate Speech Dataset,NLP,AfriHate Project,Africa-wide,Text,Open Access (CC BY 4.0),https://github.com/AfriHate/AfriHate,"Hate speech detection, NLP research",2025,Limited to 15 African languages
Bambara Sentiment Analysis Dataset,NLP,Mountaga Diallo et al.,Mali,Text,Open (MIT License) ,https://huggingface.co/datasets/michsethowusu/bambara-sentiments-corpus,"Sentiment analysis, NLP research",2021,Underrepresented language; limited size
Yoruba Language,NLP,"Jesujoba Alabi and David Adelani (Saarland University, Germany)",Nigeria,Text,Open Access (CC BY-NC 4.0),https://huggingface.co/datasets/ajesujoba/yoruba_text_c3," - Training word embeddings (FastText, BERT) - Comparing curated vs. massive embeddings - Language modeling for low-resourced African languages",2022,"Focus on Yoruba language, Contains both clean texts (with proper diacritics) and noisy texts (incorrect or missing diacritics)
"
African Multilingual Text Corpus ,NLP,Masakhane Community,Africa-wide,Text,Open Access (CC BY 4.0),https://www.masakhane.io/,"NLP model training, translation",2023,Unequal language representation
Kallaama – Agricultural Speech Dataset,NLP,"Elodie Gauthier, Aminata Ndiaye Diallo, Abdoulaye Guissé, Boubacar Diallo, Maimouna Dial, Houleye Amadou Kane, Fatou Diouf",Senegal,Audio,Open Access (CC BY 4.0),https://zenodo.org/records/10892569,"ASR system development, voice assistants, agricultural advisory tools in local languages, language modeling, multilingual AI research",2024,Contains over 125 hours of transcribed speech; includes validated subset (~35 hours); supports spontaneous speech modeling; may require preprocessing for ML use
NaijaWeb,NLP,"Saheed Niyi
(individual researcher/developer)",Nigeria,Text,Open Access (CC BY 4.0),https://huggingface.co/datasets/saheedniyi/naijaweb,"Training language models (LMs) on Nigerian English and Pidgin
- Building NLP tools for Nigerian languages (e.g., NER, POS tagging, translation)",2024,"Data may contain noise (ads, navigation text, HTML artifacts)
- No explicit filtering for quality, bias, or sensitive content
- Lack of detailed metadata (e.g., exact sources, dates, domain categories)"
Swahili News Dataset,NLP,AI4D Language Dataset Fellowship (supported by K4All & Zindi Africa),Africa-wide,Text,Open Access (CC BY 4.0),https://zenodo.org/records/4300294,"Text classification, language modeling, machine translation, AI/ML model training",2021,Contains 876 news articles labeled into 6 categories; includes train/test split; limited to Swahili; may need preprocessing
Tunizi Dataset,NLP,iCompass,Tunisia,Text,Open Access (CC BY 4.0),https://zenodo.org/records/4275240,Sentiment analysis in Tunisian Arabizi,2020,Annotated social media comments; may contain noise
TaTa Dataset,NLP,Researchers,Africa-wide,Text,Open Access (CC BY 4.0),https://arxiv.org/abs/2211.00142,Table-to-text generation in African languages,2022,Limited to specific languages; may require preprocessing
Yoruba Speech-Text Parallel Dataset,NLP,"Mich Set Howusu (Researcher), AI4D Program, Zindi Africa",Nigeria,Audio,Open Access (CC BY 4.0),https://huggingface.co/datasets/michsethowusu/yoruba-speech-text-parallel,"Speech recognition, text-to-speech synthesis, voice assistants, language modeling",2024,Contains short sentences with aligned audio; suitable for building ASR and TTS models; limited to Yoruba
Kenyan Sign Language Dataset,NLP,University of Nairobi,Kenya,Video,Restricted,https://www.kaggle.com/datasets/yonaschanie/kslc-dataset,Sign language recognition and translation. Accessibility tools for the deaf community.,2022,Requires collaboration with the university of Nairobi research team 
CrowdSpeech Africa,NLP,"Toloka AI, with contributors from across Africa",Africa-wide,Audio,Open Access (CC BY 4.0),https://huggingface.co/datasets/toloka/CrowdSpeech,"Speech recognition, language modeling",2024,Designed to simulate real-life background noise; contains diverse African languages; requires Hugging Face login to download
Lacuna Fund Language datasets,NLP,Lacuna Fund,Africa-wide,"Tabular, Text",Open Access (CC BY 4.0),https://lacunafund.org/datasets/language/,"sentiment analysis, translation, speech detection ",2024,referes to links 
Swahili News Corpus,NLP,"Noel Masasi, Bernard Masua",East Africa,Text,Open Access (CC BY 4.0),https://data.mendeley.com/datasets/d4yhn5b9n6/2,"Language modeling, topic classification, AI training for Swahili NLP, digital literacy tools",2024,"High relevance to East African languages; suitable for building chatbots, translation systems, or policy analysis tools"
Chichewa News Dataset,NLP,AI4D Malawi News Classification,"Malawi, Zambia",Text,Open Access (CC BY 4.0),https://zenodo.org/records/3731994,"Text classification, NLP research",2020,Limited size; specific to Chichewa language
Ewe Language ASR Dataset & Model,NLP,"Human-Computer Interaction Lab, Ghana","Ghana, Togo",Audio,Open Access (CC BY 4.0),https://github.com/HCI-LAB-UGSPEECHDATA/ewe-asr-model,"Voice-based agricultural extension, digital health tools, AI chatbots in local languages, language modeling, speech-to-text systems",2024,Contains transcribed audio files; limited to Ewe speakers; requires Hugging Face or Python tools for use
AfriSenti Dataset,NLP,AfriSenti Project,Africa-wide,Text,Open Access (CC BY 4.0),https://github.com/afrisenti-semeval/afrisent-semeval-2023,"Sentiment analysis, NLP research",2023,Limited to Twitter data; varying annotation quality
Ethiopian AI Language Dataset (Amharic),NLP,Addis Ababa University NLP Group,Ethiopia,Text,Apache 2.0,https://ethionlp.github.io/resources.html,"Amharic language processing, translation",2022,Access requires institutional affiliation
Financial Inclusion Speech Dataset,NLP,Ashesi University (Ashesi-Org),Ghana,"Audio, Text",Open (MIT License) ,https://github.com/Ashesi-Org/Financial-Inclusion-Speech-Dataset,"Developing voice-based financial services (e.g., mobile banking, payment systems), building speech recognition systems for low-resource Ghanaian languages, research on sociolinguistics in Ghana.
",2023,"The dataset focuses on low-resource languages (Twi, Ewe, Ga, Dagbani), which is a key challenge in NLP. The data was crowdsourced, which may introduce variability in recording quality and accents. While a valuable resource, its size (over 20 hours, ~2,456 recordings) may be insufficient for training large models from scratch without pre-training or data augmentation."
Masakhane Projects,NLP,Masakhane,Africa-wide,Text,Open Access (CC BY 4.0),https://www.masakhane.io/,"Machine translation, NLP research",2024,Community maintained; quality varies by language
Ubuntu Dialogue Corpus,NLP,"Ryan Tate (Kaggle), Original Dataset by Jonathon C. Stroud et al.",South Africa,Text,Apache 2.0,https://www.kaggle.com/datasets/rtatman/ubuntu-dialogue-corpus,"Training dialogue systems , building chatbots, sentiment analysis, intent detecion ",2017,"Focused on technical support conversations, not general-purpose dialogue"
Radiant MLHub Crop Data,Agriculture,Radiant Earth Foundation,Africa-wide,Geospatial,Open Access (CC BY-SA),https://registry.opendata.aws/radiant-mlhub/,"Crop type classification, land use analysis",2023,Limited regional coverage
Wheat Leaf Dataset,Agriculture,Kaggle User: Olya Detch (Community-contributed),Ethiopia,Image,Open Access (CC BY 4.0),https://www.kaggle.com/datasets/olyadgetch/wheat-leaf-dataset,"Crop disease detection, AI/ML model training, plant health monitoring, agricultural extension tools",2023,Contains labeled wheat leaf images; suitable for image classification tasks; limited metadata on geographic origin or acquisition conditions
AfricaRice Research Data,Agriculture,"AfricaRice Center, International Rice Research Institute (IRRI), CGIAR",Africa-wide,Tabular,Open Access (CC0 1.0 – Public Domain),https://dataverse.harvard.edu/dataverse/africarice,"Rice variety selection, trait modeling, climate-resilient crop development, yield prediction, AI/ML in plant breeding
","2024
",Contact institution for some datasets; high-quality experimental data; includes multi-environment trials useful for precision agriculture
HarvestStat Africa,Agriculture,"HarvestStat, FEWSNET, FAO",Africa-wide,Tabular,Open (MIT License) ,https://datadryad.org/dataset/doi:10.5061/dryad.vq83bk42w,"Food security, trade, development, policy, research	",2025,"Data harmonization, coverage gaps, requires technical skills to use"
"Cane Yield of Estates, Metayer and Owner Planters by Region, Island of Mauritius (2015–2019",Agriculture,Government of Mauritius,Mauritius,Tabular,Open Access (CC BY 4.0),"cane yield of estates, metayer and owner -planters by region, Island of Mauritius, 2015-2019 - Dataset - opendata Mauritius","Analyze productivity trends in Mauritius’s sugar industry
- Compare yield performance between estate, metayer, and owner planters",2025,"Data may not include granular farm-level details
- Limited metadata on methodology (e.g., how yield is measured)
- No spatial or GIS data available for mapping"
"ATA Data, Ethiopia ",Agriculture,Agricultural Transformation Agency (ATA),Ethiopia,Tabular,Public,https://data.ata.gov.et/dataset,"Analyze farmer participation in input subsidy programs, monitor agricu;ltural advisory, soil fertility mapping and fertilizer recommendations, market price analysis for key crops, analyse seed distribution and sales ",2024,"Limited to 48 woredas; may require data cleaning multilingual data: may need transcription, data may be incomplete for some regions and may be incomplete "
African Chicken Genetic Gains (ACGG) - Baseline Data,Agriculture,"ILRI, CGIAR","Ethiopia, Nigeria, Tanzania",Tabular,Open Access (CC BY 4.0),https://data.mel.cgiar.org/dataset.xhtml?persistentId=hdl:20.500.11766.1/FK2/WUQHFQ,"Livestock breeding programs, poultry productivity improvement, socio-economic analysis, policy planning for rural development",2024,Contains baseline survey data on smallholder chicken farming systems; includes farmer preferences and performance metrics; supports gender-disaggregated and breed-specific research
SAEON Environmental & Agricultural Datasets,Agriculture,South African Environmental Observation Network (SAEON),South Africa,Mixed Formats,Open Access (CC BY 4.0),https://catalogue.saeon.ac.za/,"Agroclimatic modeling, precision agriculture, land degradation monitoring, biodiversity conservation",2025,Requires JavaScript-enabled browser; some datasets may require GIS tools; limited metadata visibility without direct access
Coffee and Cashew Nut Dataset,Agriculture,Mendeley Data (Research team based in Uganda),Uganda,Image,Open Access (CC BY 4.0),https://data.mendeley.com/datasets/r46c6bpfpf/1,"Crop classification, fruit detection, yield estimation, AI/ML model training, drone-based agriculture monitoring",2023,"Contains 6,086 annotated images of coffee and cashew crops; includes maturity levels (unripe, ripe, spoilt); validated by agricultural experts; suitable for object detection and counting models"
Cassava Whitefly Dataset,Agriculture,"Mendeley Data (National Crop Resources Research Institute - NaCRRI, Uganda)",Uganda,Image,Open Access (CC BY 4.0),https://data.mendeley.com/datasets/5g38399z9p/2,"Pest infestation detection, computer vision for crop disease identification, agricultural AI modeling",2022,"Images grouped into low, moderate, and high whitefly abundance categories; suitable for training ML models in plant health monitoring"
"Agricultural Households Panel Survey (Ethiopia, 2012–2015)",Agriculture,"Ethiopia Development Research Group (EDRG), Harvard Dataverse",Ethiopia,Tabular,Open Access (CC0 1.0 – Public Domain),https://dataverse.harvard.edu/dataset.xhtml?persistentId=doi:10.7910/DVN/VQOO17,"Crop production analysis, agricultural policy evaluation, rural livelihoods research, climate and farming impact studies",2024,"Rich crop-level data; includes yields, inputs, labor, income; requires statistical software; focused on Ethiopian smallholder farming"
Afrint Survey – Agricultural Households in Sub-Saharan Africa,Agriculture,Harvard Dataverse (Afrint Research Project),Africa-wide,Tabular,Open Access (CC0 1.0 – Public Domain),https://dataverse.harvard.edu/dataset.xhtml?spm=a2ty_o01.29997173.0.0.1526c921OnT7uo&persistentId=doi:10.7910/DVN/J0OS9R,"Crop production analysis, smallholder farming research, rural development policy, agricultural economics",2024,"Contains rich crop-level data including planting/harvesting dates, yields, inputs; requires statistical software; longitudinal coverage"
KaraAgroAI Drone-based Agricultural Dataset,Agriculture,"KaraAgro AI, Makerere AI Lab","Ghana, Uganda",Image,Open Access (CC BY 4.0),https://huggingface.co/datasets/KaraAgroAI/Drone-based-Agricultural-Dataset-for-Crop-Yield-Estimation,"Yield estimation, crop detection, fruit maturity, ML training",2024,"Drone data processing, limited to specific crops (cashew, cocoa, coffee)"
Lacuna Fund Agriculture Datasets,Agriculture,Multiple (see below),Africa-wide,Image,Open Access (CC BY 4.0),https://lacunafund.org/datasets/agriculture/,Crop disease Open License AI Agriculture Datasets for African Innovators and Startups,2025,
FAO Locust Monitoring Data,Agriculture,FAO,East Africa,Geospatial,Open Access (CC BY-NC-SA 3.0 IGO),https://locust-hub-hqfao.hub.arcgis.com/,"Pest response, food security",2024,Data requires expert interpretation
MLHUB MODIS/Terra Vegetation Indices 16-Day L3 Global 250m SIN Grid,Agriculture,NASA Earthdata / LP DAAC (Land Processes Distributed Active Archive Center),Africa-wide,Geospatial,Open Access (CC0 – Public Domain),https://access.earthdata.nasa.gov/collections/C2781412511-MLHUB,"Vegetation monitoring, agriculture yield estimation, drought tracking, environmental change detection",2024,Requires NASA Earthdata account; data in HDF or GeoTIFF format; may require GIS tools for processing
Livestock Production Index – Sub-Saharan Africa,Agriculture,TheGlobalEconomy.com (data sourced from FAO),Africa-wide,Tabular,Open Access (CC BY-NC-SA 3.0 IGO),https://www.theglobaleconomy.com/rankings/livestock_production_index/Sub-Sahara-Africa/,"Agricultural planning, livestock sector analysis, food security research, policy development",2023,Aggregated country-level index; not raw microdata; limited metadata details; based on Food and Agriculture Organization (FAO) statistics
CHIRPS Rainfall Estimates,Agriculture,"UCSB CHG, USGS, FEWS NET",Africa-wide,Geospatial,Public,https://earlywarning.usgs.gov/fews/search/?geography=18,"Agrometeorology, drought monitoring, crop insurance",2024,Widely used in early warning systems
HarvestChoice Spatial Data,Agriculture,IFPRI & HarvestChoice,Africa-wide,Tabular,Open Access (CC BY‑NC‑SA  4.0),https://www.yieldgap.org/harvest-choice,"Agricultural planning, investment targeting",2023,Modeled data; not real-time
Invasive and Introduced Plant Species List,Agriculture,GBIF,Africa-wide,Tabular,Open Access (CC BY 4.0),https://www.gbif.org/,"Invasive species tracking, agroecosystem management",2024,No raw observational data included
AfriCultuReS Satellite Data,Agriculture,AfriCultuReS Project,Africa-wide,Geospatial,Open Access (CC BY-SA 4.0),https://africultures-platform.eu/en/,"Drought monitoring, yield prediction",2023,Requires expert knowledge to use
SoilGrids – Digital Soil Mapping Data,Agriculture,ISRIC – World Soil Information Service,Africa-wide,Geospatial,Open Access (CC BY 4.0),https://soilgrids.org/,"Precision agriculture, land use planning, climate modeling, environmental research",2025,"Requires GIS tools (QGIS, ArcGIS, or GDAL); data accuracy varies in dense forest areas; global coverage with downloadable layers for African countries"
FAOSTAT,Agriculture,FAO,Africa-wide,Tabular,Open Access (CC BY 4.0),https://www.fao.org/faostat/en/#home,"Agricultural productivity, food security",2024,Wide coverage but not always granular
Production Of Major Crops in Upper West Region,Agriculture,Ghana Statistical Service,Ghana,Tabular,Open Access (ODC-By 1.0),https://www.data.gov.gh/,"Agricultural planning, food security",2018,Limited to Upper West Region; may not be comprehensive
African Foods Dataset (Ghana & Cameroon),Agriculture,"Mendeley Data (Original research by A. Addobbah, E. Aidoo, S. B. Dampare)","Ghana, Cameroon",Image,Open Access (CC BY 4.0),https://data.mendeley.com/datasets/rrzhwbg3kw/1,"Food recognition systems, AI training for food classification, cultural preservation, nutrition studies",2023,Images manually collected using Snip & Sketch; permissions obtained from page owners where required; limited metadata on image diversity and quality
Leopard ID – Individual Identification Dataset,Agriculture,"Botswana Predator Conservation Trust, Kasim Rafiq, Wild Me",Botswana,Image,Open Access (CDLA‑Permissive‑2.0),https://lila.science/datasets/leopard-id-2022/,"Wildlife monitoring, individual animal identification, AI model training, conservation research",2022,"Contains 6,795 leopard images and metadata; 430 uniquely identified individuals; requires cloud-based download tools (GCP, AWS, Azure); large file size (~8GB); useful for species-specific AI models and ecological tracking"
Aerial Seabirds West Africa,Agriculture,"Eelke Folmer, Kellenberger et al.",West Africa,Geospatial,Open Access (CDLA‑Permissive‑2.0),https://lila.science/datasets/aerial-seabirds-west-africa/,"Wildlife monitoring, species detection, AI model training for bird counting, conservation research",2021,"Contains 21,516 annotated seabirds; requires GIS or computer vision tools; large file size (2.2GB GeoTIFF); spatial reference altered to prevent misuse; useful for ecosystem validation"
Desert Lion Conservation Camera Traps,Agriculture,Peter van Lunteren (Desert Lion Conservation),Namibia,Image,Open Access (CDLA‑Permissive‑2.0),https://lila.science/datasets/desert-lion-conservation-camera-traps/,"Wildlife monitoring, species detection, conservation AI, camera trap image analysis",2024,"Contains 65,959 images and 199 videos; labels include species and location identifiers; requires cloud-based download tools like"
Africa Biomass dataset,Agriculture,Field measurements conducted by researchers in Côte d'Ivoire,Côte d'Ivoire,Tabular,Open Access (CC BY 4.0),https://huggingface.co/datasets/data354/Africa_Biomass_dataset,"Train and validate machine learning models for AGB estimation using satellite data (Sentinel-2, GEDI, etc.)
- Improve national carbon stock inventories for REDD+ reporting
- Develop country-specific allometric equations for West African forests
- Support sustainable forest management and conservation planning
- Benchmark against coarse global biomass products (e.g., ESA Biomass, GEDI)",2023,"Small sample size (263 plots) — may not capture full spatial heterogeneity of Ivorian forests
- No spatial coverage map or plot-level metadata (e.g., forest type, disturbance history) provided"
"Africa Tree Canopy Cover (100 m resolution, 2019)",Agriculture,Zenodo (Planet Labs data),Africa-wide,Geospatial,Open Access (CC BY 4.0),https://zenodo.org/records/7764460,Mapping tree cover beyond dense forests — critical for savannahs and agroforestry,2019,"100m resolution may miss small-scale tree patterns
- No validation statistics or uncertainty estimates provided"
Snapshot Safari 2024 Expansion,Agriculture,"Smithsonian Institution , Sarah Huebner",Africa-wide,Image,Open Access (CDLA‑Permissive‑2.0),https://lila.science/datasets/snapshot-safari-2024-expansion/,"Wildlife monitoring, species detection, conservation research, AI model training for biodiversity tracking",2024,"Large dataset size; requires cloud-based download tools like gsutil, aws s3 or AzCopy
Some image filenames correspond to specific project codes. Useful for cross-validation across different ecosystems."
Lacuna Fund Agriculture datasets ,Agriculture,Lacuna Fund,Africa-wide,Geospatial,Open Access (CC BY 4.0),https://lacunafund.org/datasets/agriculture/,"Image data, crop yied prediction, plant disease monitoring ",2024,referes to links 
AfriPop/WorldPop - Population Density Data,Agriculture,"University of Southampton, Flowminder Foundation, WorldPop team",Africa-wide,Geospatial,Open Access (CC BY 4.0),https://hub.worldpop.org/project/categories?id=18,Population density datasets ,2025,"data resolution, accuracy, "
Datasets from CGIAR Research Centers (various specific datasets),Agriculture,"CGIAR (Consortium of International Agricultural Research Centers, e.g., IITA, ILRI, CIMMYT, IRRI - Africa programs)",Africa-wide,Mixed Formats,Open Access (CC BY-NC 4.0),https://bigdata.cgiar.org/,"Crop performance, mapping distribution of pests, analysing socio economic factors",2025,"datasets higlhy specfic to research questions, crops and regions; sensitive data may be restsricted, some datasets may require domain experts to understand "
"National Household Surveys (e.g., Living Standards Measurement Study - Integrated Surveys on Agriculture (LSMS-ISA))",Agriculture,"World Bank, National Statistical Offices",Africa-wide,Geospatial,Open Access (CC BY 4.0),https://www.worldbank.org/en/programs/lsms/initiatives/lsms-ISA,"Farm economics, input use, climate adaptation, poverty targeting, food security modeling",2023,"access is restrsicted, data collection is periodical, sample sizes may be limited "
ILRI Datasets,Agriculture,International Livestock Research Institute,Africa-wide,Tabular,Open Access (CC BY 4.0),https://livestockdata.org/resources/ilri-datasets,"Disease control, productivity analysis",2022,Data access challenges
Kenya National Agriculture Data,Agriculture,KNBS & Ministry of Agriculture,Kenya,Tabular,Open Access (CC BY 4.0),https://statistics.knbs.or.ke/nada/index.php/home,Agri productivity models,2024,Some sections outdated
African Soil Information Service (AfSIS),Agriculture,CIAT / AfSIS,Africa-wide,Geospatial,Open Access (CC BY 4.0),https://osf.io/pqv3z/,"Precision agriculture, soil suitability AI",2024,Incomplete spatial coverage
Makerere University Beans Image Dataset,Agriculture,Makerere AI Lab,Uganda,Image,Open Access (CC BY 4.0),https://air.ug/?page_id=3464,"Bean disease diagnosis, precision agriculture.",2025,Limited to bean diseases; specific image capture conditions.
Desert Locust Observations,Agriculture,UN FAO (Food and Agriculture Organization),East Africa,Tabular,Open Access (CC BY 4.0),https://ai4good.org/what-we-do/sdg-data-catalog/,Tracking and predicting desert locust outbreaks for early warning systems.,2025,Requires integration with other environmental and weather data for effective prediction.
Ethiopian Crop Yield Dataset,Agriculture,Ethiopian Institute of Agricultural Research,Ethiopia,Tabular,Open,https://data.eiar.gov.et/,"Yield prediction, climate adaptation",2022,Limited temporal range
Africa Fertilizer Map,Agriculture,AfricaFertilizer.org,Africa-wide,Tabular,Open Access (CC BY-NC-SA 3.0 IGO),https://africafertilizer.org/#/en/results-and-data/afo-stats/,Fertilizer access modeling,2024,Pricing data not real-time
iNaturalist Africa Dataset,Agriculture,iNaturalist,Africa-wide,Image,Open Access (CC BY-NC 4.0),https://www.inaturalist.org/projects/inat-2017-challenge-dataset,"Species recognition, biodiversity AI",2024,Uneven geographic coverage
Threatened Bird Species in Africa,Agriculture,BirdLife International (via Open.Africa),Africa-wide,Tabular,Open Access (CC BY 4.0),https://open.africa/dataset/threatened-bird-species,"Wildlife monitoring, conservation planning, AI-based ecological modeling, environmental impact assessments",2024,Contains only tabular bird species list; no images or geospatial data included; useful for integration with GIS or camera trap datasets
Bird Atlas of Kenya – Digitized Breeding Records,Agriculture,"Lewis & Pomeroy (1989), digitization by Rafnuss et al.",Kenya,Geospatial,Open Access (CC BY 4.0),https://www.gbif.org/dataset/00327ee4-9970-4aef-b51a-d6998ebcc249,"Biodiversity mapping, ecological research, agroecosystem health indicators, conservation planning",2022,Limited to historical data; useful for longitudinal biodiversity studies; code available for replication
Wildlife Crime Kenya Dataset,Agriculture,"Jim Riungu (contributor), WildlifeDirect, Judiciary Training Institute",Kenya,Tabular,Open Access (CC BY 4.0),https://data.mendeley.com/datasets/3t6xygny2f/1,"Wildlife crime analysis, policy development, conservation research, legal AI tools",2025,"Contains 1,099 wildlife crime cases involving 2,025 persons across 113 Kenyan magistrate courts; data collected between 2018–2019"
Malawi Africa RISING Follow-up Survey,Agriculture,IFPRI,Malawi,Tabular,Open Access (CC BY 4.0),https://dataverse.harvard.edu/dataset.xhtml?persistentId=doi:10.7910/DVN/BSFSIW,"Agricultural policy, rural livelihoods",2023,Follow-up data; baseline survey required for full context
WFP Food Prices for Kenya,Agriculture,WFP,Kenya,Tabular,Open Access (CC BY 4.0),https://data.humdata.org/dataset/wfp-food-prices-for-kenya,"Monitor food inflation & affordability
- Inform humanitarian aid targeting
- Support early warning systems for famine/drought
- Academic research on food markets & resilience
- Policy design for social safety nets",2025,"Prices are market-specific and may not reflect rural/remote areas
- Some markets have sparse or intermittent reporting
- Exchange rate fluctuations affect comparability over time
- Does not include informal/unrecorded trade"
KaraAgro AI Maize Dataset,Agriculture,University of Ghana,Ghana,Image,Open Access (CC BY 4.0),https://datasetninja.com/kara-agro-ai-maize,"AI /ML model training for in-field maize disease detection
- Fall Armyworm & Maize Streak Disease diagnosis
- Precision agriculture tools
- Agricultural extension apps for smallholder farmers
- Spatial analysis of crop health",2022,"No pre-defined train/val/test splits (user must create)
- 99 unlabeled images included (1% of total)
- Geographically focused on Ghana — may not generalize to all African agro-ecologies
- Requires bounding box parsing (COCO/YOLO/Supervisely formats available)"
International Food Security Data,Agriculture,USDA,Africa-wide,Tabular,Open Access (CC0 1.0 – Public Domain),https://agdatacommons.nal.usda.gov/articles/dataset/International_Food_Security/24660480,Hunger risk assessment,2024,Regional focus
ATI Ethiopia Datasets,Agriculture,Agricultural Transformation Agency,Ethiopia,Mixed Formats,Public,https://data.ata.gov.et/dataset,"Agricultural planning, policy development",2024,Data availability varies by dataset
African Plums Quality and Defect Assessment Data,Agriculture,"Arnaud Fadja (Researcher), University of Yaoundé I, Cameroon",Cameroon,Image,Open Access (CC BY 4.0),https://www.kaggle.com/datasets/arnaudfadja/african-plums-quality-and-defect-assessment-data,"Crop quality assessment, AI/ML model training, defect detection, precision agriculture",2023,Contains images of African plums (Dacryodes edulis) labeled by experts; suitable for deep learning models; limited to one crop species
RCMRD – Africa Biomes Dataset,Agriculture,Regional Centre for Mapping of Resources for Development (RCMRD),Africa-wide,Geospatial,Open Access (CC BY 4.0),https://opendata.rcmrd.org/datasets/rcmrd-africa-biomes-dataset/about,"Land cover mapping, agriculture planning, environmental monitoring, biodiversity research, climate change impact analysis",2023,High-resolution land cover map of Africa; derived from ESA Sentinel-2 satellite imagery; requires GIS tools to use
Characterization of Seed Germination Capacity and Effect of Pre-Sowing Treatments on Seed Germination,Agriculture,International Institute of Tropical Agriculture (IITA),Africa-wide,Tabular,Open Access (CC BY 4.0),https://data.iita.org/dataset/characterization-germination-capacity-and-different-pre-sowing-on-seed-germination,"Seed viability analysis, agronomy research, seed technology development, precision agriculture",2025,Contains experimental results from controlled trials; supports AI modeling for seed treatment optimization; may require domain knowledge in plant physiology
SNP Dataset for GWAS in Cassava,Agriculture,International Institute of Tropical Agriculture (IITA),Africa-wide,Tabular,Open Access (CC BY 4.0),https://data.iita.org/dataset/snp-dataset-for-gwas,"Genome-Wide Association Studies (GWAS), cassava trait mapping, disease resistance breeding, climate resilience research",2025,Contains high-density SNP data for cassava genotypes; supports genetic improvement of cassava varieties; requires bioinformatics tools for analysis
iSDAsoil Datasets ,Agriculture,iSDAsoil ,Africa-wide,Geospatial,Open Access (CC BY 4.0),https://www.isda-africa.com/isdasoil/open-soil-data/,"Precision agriculture, soil mapping, AI modeling for crop suitability",2024,Accuracy can be lower in dense jungle areas; requires geospatial analysis skills.
SLAPIS-Niger – Local Early Warning & Agricultural Planning System,Agriculture,"Government of Niger, WFP, FAO, ACPC",Niger,Tabular,Open Access (CC0 – Public Domain),https://www.slapis-niger.org/fr,"Food security monitoring, drought early warning, crop production planning, market price tracking, climate adaptation",2025,Limited public access to raw datasets; mostly used internally by government and humanitarian actors; requires collaboration or institutional affiliation to access granular data
Invasive and Introduced Plant Species List,Agriculture,Global Biodiversity Information Facility (GBIF),Africa-wide,Tabular,Open Access (CC BY 4.0),https://www.gbif.org/dataset/23ec2d04-c0eb-4ca4-afb8-a8710e38f641,"Biodiversity monitoring, invasive species research, ecological modeling, conservation planning",2018,Contains a list of plant species; no raw observational data included in this view; metadata limited without direct GBIF API integration
Tanzania Agricultural Satellite Data ,Agriculture,Tanzania Space Agency,Tanzania,Image,Open Access (CC BY 4.0),https://tanzaniasa.go.tz/,"Crop monitoring, land use classification",2025,Cloud cover interference
Cameroon Crop Disease Dataset ,Agriculture,Cameroon Ministry of Agriculture,Cameroon,Image,Open Access (CC BY 4.0),https://cameroonagri.gov.cm/,"Disease detection, precision agriculture",2023,Limited data size
Crop Disease Dataset – Ghana,Agriculture,"Responsible AI Lab, Ashesi University (Ghana)",Ghana,Image,Open Access (CC BY 4.0),https://www.kaggle.com/datasets/responsibleailab/crop-disease-ghana,"Crop disease detection, AI/ML model training, plant health monitoring, agricultural extension tools",2023,"Contains over 1,500 images of diseased crops; includes cassava, maize, and tomato; suitable for computer vision and deep learning models"
African fish collection of the Africamuseum,Agriculture,"Royal Museum for Central Africa, Belgium",Africa-wide,Tabular,Open Access (CC BY 4.0),https://data.biodiversity.be/dataset/9cfa6cb6-5833-44b2-97f1-18a3c12fed47,Taxonomic research and species discovery,2024,"Only ~50% of 1M+ specimens digitized — significant portion still offline
- Older records may lack precise GPS coordinates or habitat metadata                                                      - Sampling bias toward accessible regions (e.g., near research stations or colonial-era collection routes)
"
HIV/AIDS Prevalence in Sub-Saharan Africa,Healthcare,"World Bank (with data compiled from UNAIDS, WHO, and national health surveys)",Africa-wide,Tabular,Open Access (CC BY 4.0),https://data.worldbank.org/indicator/SH.DYN.AIDS.ZS?locations=ZG,"Public health planning, disease burden analysis, policy evaluation, academic research",2023,Regional aggregate data (not country-specific); some years may have modeled or estimated values; limited demographic breakdown
A labeled Clinical-MRI dataset of Nigerian brains,Healthcare,"Eberechi Wogu (University of Port Harcourt), Franco Pestilli (The University of Texas at Austin), et al.",Nigeria,Mixed Formats,Open Access (CC BY 4.0),https://brainlife.io/pub/675af884becd6464d43296c5,"Training and validating AI models for medical image analysis (e.g., disease classification), studying neurological diseases in an underrepresented Nigerian cohort, addressing the lack of diversity in neuroimaging data, serving as a benchmark for future studies from Africa.",2024,"Small sample size — limits statistical power for subgroup analyses
- Single-site data (University of Port Harcourt) — may not represent Nigeria’s full genetic/geographic diversity
- No functional MRI, diffusion MRI, or longitudinal data
- No standardized clinical assessment scores (e.g., MMSE, UPDRS) provided"
ASZED - The African Schizophrenia EEG Dataset,Healthcare,"K.S. Mosaku (Project leader), E.O. Olateju (Data curator), et al.",Nigeria,Mixed Formats,Open Access (CC BY 4.0),https://zenodo.org/records/14178398,"Train AI models for schizophrenia detection using EEG biomarkers in African populations
- Identify population-specific neural signatures of schizophrenia (e.g., MMN/ASSR abnormalities)
- Address global bias in psychiatric neuroimaging (currently >95% from Europe/North America)
- Develop culturally appropriate diagnostic tools for low-resource settings
- Benchmark EEG-based computational psychiatry models across ancestries",2024,"Small sample size relative to global EEG datasets (153 subjects)
- Limited demographic diversity within Nigeria (e.g., ethnic, linguistic, socioeconomic)
- No fMRI, structural MRI, or clinical scale scores (e.g., PANSS) mentioned
- No publicly available link or access protocol yet confirmed"
CHAMPS HD SSLC – Health & Demographic Surveillance Data,Healthcare,"University of California, Santa Barbara (UCSB), Climate Hazards Center; supported by USAID and NASA",Africa-wide,Tabular,Open Access (CC BY 4.0),https://champshdsslc.org/,"Child mortality risk mapping, disease outbreak prediction, early warning systems, agricultural planning",2025,Integrates with HDSS networks like INDEPTH; requires technical knowledge to process remote sensing and health data; some datasets may need access approval
BraTS-Africa Dataset (Brain Tumor Segmentation Africa),Healthcare,"Saarland University, University of Ibadan, DFKI, INRIA, McGill University and Mila, National Institute of Informatics (NII)",Nigeria,Image,Open Access (CC BY 4.0),https://www.cancerimagingarchive.net/collection/brats-africa/,"Brain tumor detection, segmentation, and diagnosis; medical image analysis.",2024,"Limited to brain tumors; ethical considerations for medical data; need for broader coverage of African patient data. also contains 146 patient scans; includes preprocessed NIfTI files; requires license agreement for access to full dataset
"
A labeled Clinical-MRI dataset of Nigerian brains – Brain Masks,Healthcare,"University of Ibadan, Federal Neuropsychiatric Hospital (Nigeria), brainlife.io contributors",Nigeria,Image,Open Access (CC BY 4.0),https://brainlife.io/pub/66614215829dd9abdbb3c51c,"Neuroimaging research, disease classification, AI/ML model training for brain disorders, African-specific neuroanatomy studies",2024,Contains manually segmented brain masks; includes healthy controls and neurological conditions like dementia and Parkinson’s; suitable for deep learning and segmentation tasks
Malaria Parasite Image Dataset – Malaria Species Classification,Healthcare,Kaggle User: Saife Hasan (community-contributed),Africa-wide,Image,Open Access (CC BY 4.0),https://www.kaggle.com/datasets/saife245/malaria-parasite-image-malaria-species,"Malaria diagnosis, AI/ML model training for parasite detection, telemedicine tools, disease surveillance",2021,Contains labeled microscopic images of malaria-infected red blood cells; suitable for CNN-based classification models; limited metadata on patient origin or clinical context
DHS - Demographic and Health Surveys,Healthcare,"USAID, National Stats Offices",Africa-wide,Tabular,Public,https://dhsprogram.com/data/available-datasets.cfm,"Public health, gender studies, population",2022,Lag in availability of recent data
Wazimap – COVID-19 Data Subsets,Healthcare,Africa Data Hub (adh),South Africa,Tabular,Open Access (CC BY 4.0),https://ckan.africadatahub.org/dataset/adh-wazimap-covid-19-data-subsets,"Public health monitoring, pandemic impact analysis, policy evaluation, data journalism",2022,Subset of national statistics; limited to South Africa; does not include real-time or raw case-level data
UNECA COVID-19 Tracker,Healthcare,UNECA,Africa-wide,Tabular,Public,https://knowledge.uneca.org/covid19/countrydata,"Crisis response, public health",2023,Limited post-pandemic updates
Kenya Demographic and Health Survey (KDHS) 2014,Healthcare,Kenya National Bureau of Statistics,Kenya,Tabular,Open,https://dhsprogram.com/data/dataset/Kenya_Standard-DHS_2014.cfm?flag=0,"Health indicators, policy planning",2014,Data may be outdated
OpenStreetMap Health Facilities Data (Africa Subset),Healthcare,OpenStreetMap Community (Global),Africa-wide,Geospatial,Open (Open Data Commons Open Database License - ODbL),https://www.openstreetmap.org/export#map=13/8.97623/38.80302,Spatial Data,2025,Data is crowdsourced and quality varies significantly by region and contributor
Malaria in Children Under Five (UNICEF),Healthcare,"UNICEF, WHO, IHME",Africa-wide,Tabular,Open Access (CC BY 3.0 IGO),https://data.unicef.org/resources/dataset/malaria/,"Public health planning, malaria prevention programs, disease burden analysis, academic research",2023,Contains aggregated national-level statistics; does not include individual-level or subnational survey data; some indicators are modeled estimates
Lacuna Fund Health Datasets,Healthcare,Lacuna Fund,"Uganda, Nigeria",Mixed Formats,Open Access (CC BY 4.0),https://lacunafund.org/datasets/health/,"Disease classification, diagnostics",2024,Not directly downloadable
CHOWNET: An Image Dataset of Nigerian Food,Healthcare,AI Sturdays Lagos community,Nigeria,Tabular,Open Access (CC BY 4.0),https://zenodo.org/records/13633554,"Food object detection, food captioning, multi-label classification ",2018,small number im image datasets but very useful
OpenMRS Deployments,Healthcare,OpenMRS Community,Africa-wide,Tabular,Open Access (CC BY 4.0),https://en.wikipedia.org/wiki/OpenMRS,Electronic medical records for HIV and TB treatment,2020,Deployment varies by country; data access may require permissions
Health Documents in Serengeti Dataset,Healthcare,UBC-NLP,Africa-wide,Text,Apache 2.0,https://github.com/UBC-NLP/serengeti,NLP tasks in healthcare domain,2021,Data collected from various sources; may require preprocessing
Ghana Health Service Data ,Healthcare,Ghana Health Service,Ghana,Tabular,Restricted,https://www.ghanahealthservice.org/,"Disease surveillance, health analytics",2024,Data privacy restrictions
WHO AFRO Health Data Hub (156 datasets),Healthcare,WHO AFRO,Africa-wide,Tabular,Open Access (CC BY 4.0),https://aho.afro.who.int/data-and-statistics/af,"Population health monitoring, trend analysis",2025,Heterogeneous formats; fusing country files
iAHO Malaria by Country,Healthcare,WHO AFRO,Africa-wide,Tabular,Open Access (CC BY 4.0),https://aho.afro.who.int/data-and-statistics/af,"Public health monitoring, policy-making, research, disease control, SDG Tracking ",2025,Aggregated; requires local case data integration
Interacative TB Mapping ,Healthcare,WHO/Stoptb.org,Africa-wide,Tabular,Open Access (CC BY‑NC‑SA  4.0),https://dashboards.stoptb.org/country-profile.html,National disease tracking ,2022,"Based on models, may not reflect all cases data lag "
World Bank Health Indicators for South Africa,Healthcare,World Bank Group,South Africa,Tabular,Open Access (CC BY 4.0),https://data.humdata.org/dataset/world-bank-health-indicators-for-south-africa,"Health policy, research, monitoring, planning",2024,Monthly updates; broad indicator coverage; data aggregated from official sources; requires attribution
Global Midwives Mapping Dataset,Healthcare,ICM / Global Midwives Hub,Africa-wide,Tabular,Open Access (CC BY‑NC‑SA  4.0),https://data.internationalmidwives.org/search,"Workforce planning, maternal health equity, training gaps",2023,Varies by country; may miss informal care providers
"ICRISAT Agricultural & Health Linkage Data (e.g., nutrition surveys, links to crop data)",Healthcare,ICRISAT (International Crops Research Institute for the Semi-Arid Tropics) and partners,Africa-wide,Mixed Formats,Open Access (CC BY 4.0),https://www.icrisat.org/resources/data/comparative-map-homepage," links between agricultural production, food security, and nutritional outcomes at the household level.",2025,"access policies vary, "
OpenPowerlifting Data,Healthcare,OpenPowerlifting Project,Africa-wide,Tabular,Open Access (CC BY 4.0),https://www.openpowerlifting.org/,"Sports analytics, performance benchmarking, trend analysis, open data research",2024,Contains detailed global powerlifting records; can be used for statistical modeling and visualization
Dataset for Modeling Climate Change and Health in Uganda-East Africa,Healthcare,Figshare (Published by CHAI-UGA project researchers),"Uganda, Nigeria",Tabular,Open Access (CC BY 4.0),https://figshare.com/articles/dataset/Dataset_for_Modeling_Climate_Change_and_Health_in_Uganda-East_Africa/12236957,"Climate change impact analysis, disease prediction modeling, early warning system development, public health planning",2023,"Includes 436 matched records of climate and health data; covers climate-sensitive diseases; includes variables like rainfall, temperature, humidity, pressure, solar radiation, and wind speed"
Distribution of Outbreaks by Region per Month,Healthcare,Ghana Statistical Service,Ghana,Tabular,Public,https://www.data.gov.gh/,"Public health monitoring, emergency response",2012,Data may be outdated; limited to 2000-2012
COVID-19 Africa Data Hub,Healthcare,African CDC / WHO,Africa-wide,Tabular,Open Access (CC BY-NC-SA 3.0 IGO),https://africacdc.org/covid-19/,"Disease tracking, outbreak modeling",2025,Data inconsistencies between countries
Healthcare Prices in Sub-Saharan Africa (World Bank Data),Healthcare,The World Bank via TheGlobalEconomy.com,Africa-wide,Tabular,Open Access (CC BY 4.0),https://www.theglobaleconomy.com/rankings/healthcare_prices_wb/Sub-Sahara-Africa/,"Health economics research, cost comparison, policy analysis, healthcare affordability assessment",2023,Aggregated country-level data; not raw microdata; based on health price indices; limited metadata details; sourced from secondary databases
AfriMed-QA ,Healthcare,"Intron Health (Collaborative project with SisonkeBiotik, BioRAMP, Georgia Tech, MasakhaneNLP, Google Research)",Africa-wide,Text,Open Access (CC BY 4.0),https://afrimedqa.com/#data,"LLM in african healthcare, clinical decision support, AI halucination in medicine ",2024,"high quality but limited size, Niche use cases "
Offshore Wind Technical Potential,Environment and Energy,World Bank / EnergyData.info,Africa-wide,Geospatial,Open Access (CC BY 4.0),https://energydata.info/dataset/offshore-wind-technical-potential,"Wind farm planning, renewable energy resource assessment",2021,"Data resolution varies, requires GIS expertise, limited to offshore wind"
Electricity Maps Data,Environment and Energy,Electricity Maps,Africa-wide,Tabular,Open (Open Data Commons Open Database License - ODbL),https://app.electricitymaps.com/datasets,"Grid emissions tracking, renewable integration analysis",2024,"Data coverage varies by country, relies on public grid data"
Global Fishing Watch,Environment and Energy,GFW,Africa-wide,Geospatial,Open Access (CC BY 4.0),https://globalfishingwatch.org/data-download/,Illegal fishing detection,2025,Satellite-based tracking
Morocco Weather Data ,Environment and Energy,Morocco Meteorological Department,Morocco,Tabular,Open (Open Data Commons Open Database License - ODbL),https://www.dmne.gov.ma/,"Climate modeling, agriculture",2023,Variable data quality
Power Africa Enabling Environment Tracker Dataset (2021),Environment and Energy,"United States Agency for International Development (USAID), via Power Africa",Africa-wide,Tabular,Open Access (Public Domain),https://catalog.data.gov/dataset/power-africa-enabling-environment-tracker-dataset-2021-b1b47,"Policy analysis, regulatory reform, investment climate assessment, energy sector reform tracking",2021,Focuses on regulatory and policy environment for power investments; includes country-level scores and indicators across 12 countries
East Africa - Power Pool Renewable Energy Zones Wind,Environment and Energy,"World Bank Group, ESMAP",Africa-wide,Mixed Formats,Open Access (CC BY 4.0),https://energydata.info/dataset/eastern-africa-power-pool-renewable-energy-zones-wind,"Renewable energy planning, wind power site selection, regional power integration, feasibility studies",2018,Contains spatial (GeoJSON) data for wind zones; may require GIS tools to analyze; limited metadata details available
AFRO_ENERGYPOL – Database of African Renewable Energy Policies,Environment and Energy,Mendeley Data (based on research by Lisa Neubaum),Africa-wide,Mixed Formats,Open Access (CC BY 4.0),https://data.mendeley.com/datasets/grhystdwdr/1,"Renewable energy policy analysis, comparative studies, academic research, policy design and reform",2020,"Based on publicly available sources (World Bank, IRENA, IEA, Climatescope); includes qualitative and quantitative assessments of policies; published in:""Is Green a Africa-wide Colour? Mapping African Renewable Energy Policies and Transitions in 34 Countries"", in:Energy Research and Social Science"
Climate Compatible Growth Starter Datasets,Environment and Energy,CCG and OpTIMUS projects,Africa-wide,Mixed Formats,Open Access (CC BY 4.0),https://zenodo.org/communities/ccg-starter-kit/,"Energy planning, environmental studies",2023,Data standardization across countries
Nigeria Cities Population and Geographic Information,Environment and Energy,Datum Africa,Nigeria,Geospatial,ODC-PDDL,https://datum.africa/datasets/nigeria-cities-population-and-geographic-information,Mapping urban growth and density,2025,May lack historical time series
Digital Earth Africa - Land Cover Data,Environment and Energy,Digital Earth Africa,Africa-wide,Image,Open (Open Data Commons Open Database License - ODbL),https://www.digitalearthafrica.org/,"Environmental monitoring, urban growth",2024,Requires large storage/processing capacity
Algerian Forest Fires Dataset,Environment and Energy,Center for Development of Advanced Technologies (CDTA),Algeria,Tabular,Open Access (CC BY 4.0),https://archive.ics.uci.edu/dataset/547/algerian+forest+fires+dataset,"Predict forest fire risk using weather variables
- Study impact of climate on fire frequency in Mediterranean ecosystems
- Support early warning systems for wildfire management in North Africa",2020,"Small dataset size (244 rows) — may require augmentation or transfer learning
- Limited geographic coverage (only 2 regions in Algeria)"
High-Resolution Load Dataset from Smart Meters across Various Cities in Morocco,Environment and Energy,"University of Hassan II, Casablanca, Morocco",Morocco,Tabular,Open Access (CC BY 4.0),https://archive.ics.uci.edu/dataset/1158/high-resolution+load+dataset+from+smart+meters+across+various+cities+in+morocco,"Forecasting urban electricity demand at high temporal resolution
- Detecting anomalies and load patterns in smart grid systems
- Optimizing energy distribution and load balancing",2024,"Anonymized meter IDs — no direct customer-level analysis possible
- No weather or demographic metadata linked to load profiles
- Limited geographic coverage (only major cities)"
NamPower – Open Energy and Infrastructure Datasets,Environment and Energy,Namibia Power Corporation (NamPower),Namibia,Geospatial,Public,https://www.nampower.com.na/Page.aspx?p=192,"Rural electrification analysis, energy demand modeling, AI-based load forecasting, agri-tech infrastructure planning",2025,Limited geospatial granularity; most data available as PDF reports requiring conversion for ML use
SAHA Satellite Dataset,Environment and Energy,South African National Space Agency (SANSA),South Africa,Image,Mixed Licenses,https://catalogue.sansa.org.za/search/,"Environmental monitoring, AI remote sensing",2024,Requires expertise in image processing
Africa Major Mineral Deposits Dataset,Environment and Energy,Regional Centre for Mapping of Resources for Development (RCMRD),Africa-wide,Geospatial,Open Access (CC BY 4.0),https://opendata.rcmrd.org/datasets/rcmrd::africa-major-mineral-deposits-dataset/about?spm=a2ty_o01.29997173.0.0.3f85c921Skbp36,"Mineral exploration planning, academic research, investment analysis, environmental impact studies, regional development policy",2023,Data may be generalized or outdated; accuracy depends on source surveys; may lack detailed mineral grade or reserve data; licensing/use restrictions may apply
Ember Electricity Data Explorer,Environment and Energy,Ember,Africa-wide,Tabular,Open Access (CC BY 4.0),https://ember-energy.org/data/electricity-data-explorer/,"Energy transition monitoring, policy analysis",2025,"Data aggregation delays, dependent on national reporting"
Open Buildings: Global Building Footprint Dataset,Climate and Geospatial,Google Research,Africa-wide,Geospatial,Open Access (CC BY 4.0),https://sites.research.google/gr/open-buildings/,"Mapping urban density and informal settlements
- Estimating population distribution in the absence of census data
- Disaster damage assessment (e.g., after earthquakes or floods)",2025,"Detection accuracy varies by region (lower in dense urban areas or under tree canopy)
- Does not distinguish building use (residential, commercial, etc.)"
HarvestNet Dataset,Climate and Geospatial,Stanford University (Amna Elmustafa (ARXIV),Ethiopia,Image,Open Access (CC BY 4.0),https://figshare.com/s/45a7b45556b90a9a11d2,"Detect smallholder farm presence in data-scarce, conflict-affected, or remote regions
- Improve accuracy of cropland mapping beyond traditional land cover products (e.g., ESA CCI, MODIS)
- Enable timely food security assessments and early warning systems
- Support humanitarian aid targeting and agricultural policy design",2023,"Geographically limited to two Ethiopian regions (Tigray & Amhara)
- No temporal series — snapshot from 2020–2023, not annual
- No crop-type classification — only binary farm/non-farm
- Low-resolution imagery (PlanetScope) may miss very small or obscured fields
- Requires geospatial and ML expertise to process and interpret"
Ensemble Source Africa Cropland Mask 2016,Climate and Geospatial,"Mohsen Nabil, Miao Zhang, Bingfang Wu, Jose Bofana, Abdelrazek Elnashar",Africa-wide,Geospatial,Open Access (CC BY 4.0),https://figshare.com/articles/dataset/A_30m_African_Cropland_Layer_for_2016_by_Integrating_Multiple_Remote_sensing_Crowdsource_and_Auxiliary_Datasets_/13520141,"Mapping agricultural land extent for food security assessments
- Monitoring cropland expansion and land use change
- Supporting precision agriculture and irrigation planning
- Input for crop yield modeling and climate impact studies",2021,"Single year (2016) — lacks temporal continuity for trend analysis
- Resolution (30m) may miss smallholder or fragmented fields
- No distinction between crop types (e.g., maize, cassava)
- May misclassify irrigated or fallow land as cropland"
Africa Field Boundary Labels,Climate and Geospatial,"Farmerline, Clark Univ., Spatial Collective",Africa-wide,Geospatial,Open Access (CC BY 4.0),https://registry.opendata.aws/africa-field-boundary-labels/,"Crop mapping, ML model training, land use analysis",2024,"Imagery license restrictions, large data size, technical requirements"
Lacuna fund Climate datasets ,Climate and Geospatial,Lacuna Fund,Africa-wide,Mixed Formats,Open Access (CC BY 4.0),https://lacunafund.org/datasets/climate/,Climate datasets ,2024,referes to links 
Ethiopia Subnational Rainfall Estimates,Climate and Geospatial,CHIRPS / UN OCHA / HDX,Ethiopia,Tabular,Open Access (CC BY 4.0),https://data.humdata.org/dataset/eth-rainfall-subnational,"Drought monitoring, early warning systems, agricultural planning",2025,Interpolated data; resolution may vary by region
OpenStreetMap (OSM) for African Cities,Climate and Geospatial,OpenStreetMap Community (Crowdsourced),Africa-wide,Tabular,Open (Open Data Commons Open Database License - ODbL),https://download.geofabrik.de/africa.html,"Route optimization, urban planning, logistics, mapping underserved areas, service delivery planning.",2025,Data completeness and accuracy vary greatly by region and level of community engagement.
"BioSCape: BioSoundSCape Acoustic Recordings, South Africa, 2023",Climate and Geospatial,NASA,South Africa,Geospatial,Open Access (Public Domain),https://www.earthdata.nasa.gov/es/data/catalog/ornl-cloud-acoustic-data-cape-floristic-2372-1,"Correlate ground-level bioacoustic diversity with satellite/airborne remote sensing data
- Monitor ecosystem health and biodiversity change over time",2023,"Large data volume (~100,000+ audio files) — requires significant storage and processing"
Tanzania Water Points Mapping,Climate and Geospatial,"Ministry of Water, Tanzania",Tanzania,Geospatial,Open (MIT License) ,https://commons.africa/projects/,"Infrastructure planning, resource allocation",2025,Data collection methods may vary across regions
GCRO – Urban & Regional Development Datasets,Climate and Geospatial,"Global Change Research Office (GCRO), South Africa",South Africa,Geospatial,Open Access (CC BY 4.0),https://www.gcro.ac.za/outputs/datasets/,"Rural-urban migration analysis, land use planning, climate adaptation strategies, GIS-based agritech tools",2024,Requires GIS or statistical tools; not all datasets are directly downloadable; some require institutional collaboration
National Resilience Data Catalogue (Madagascar) ,Climate and Geospatial,Direction de la Résilience Nationale (ResilienceMada),Madagascar,Geospatial,Open Access (CC BY 4.0),https://www.resiliencemada.gov.mg/catalogue/#/datasets,Inform national climate adaptation policies Support disaster preparedness planning,2024,"Lack of metadata, documentation, or API access
- Language: Primarily French/Malagasy — limited English support"
Climate Change Literacy in Africa,Climate and Geospatial,University of Cape Town (UCT),South Africa,Tabular,Open Access (CC BY 4.0),https://zivahub.uct.ac.za/articles/dataset/Climate_Change_Literacy_in_Africa_code_shape-files_and_processed_data_sets_/15155772,"Analyzing public awareness of climate change, regional education gaps",2021,Self-reported survey data; limited sub-national granularity
Microsoft Building Footprints (Africa),Climate and Geospatial,Microsoft,Africa-wide,Geospatial,Open (Open Data Commons Open Database License - ODbL),https://github.com/microsoft/GlobalMLBuildingFootprints,"Disaster response, mapping",2022,Available via Azure
Geo-referenced Database of Dams,Climate and Geospatial,FAO / UNH,Africa-wide,Geospatial,Open Access (CC BY-NC-SA 3.0 IGO),https://data.amerigeoss.org/dataset/910fec84-1d22-40c4-b29b-0ed3a1b84e2d,"Water resource planning, hydrological modeling, climate impact studies",2021,May lack recent construction data; resolution varies by country
Digital Earth Africa - Land Cover,Climate and Geospatial,Digital Earth Africa,Africa-wide,Geospatial,Open Access (CC BY 4.0),https://explorer.digitalearth.africa/,"Environment monitoring, urban growth, Land-use analysis, climate adaptation",2025,Requires large storage and  technical capacity to use geospatial data
Ethiopia Groundwater Games for Resource Governance,Climate and Geospatial,"IFPRI, Haramaya University",Ethiopia,Tabular,Open Access (CC0 – Public Domain),https://doi.org/10.7910/DVN/TPTVQG,"Community water management, behavioral studies",2023,Limited to treatment communities only
AfDB data,Socioeconomic,African Development Bank,Africa-wide,Mixed Formats,Open Access (CC BY 4.0),https://dataportal.opendataforafrica.org/,Multi-sector ,2025,Access requires for some of the datasets 
Uganda National Panel Survey (UNPS) 2019/20,Socioeconomic,Uganda Bureau of Statistics,Uganda,Tabular,Public,https://www.ubos.org/uganda-national-panel-survey-unps-2019-2020/,"Poverty analysis, economic planning",2020,Data quality varies by region
COMESA COMSTAT Data Hub,Socioeconomic,COMESA,Africa-wide,Tabular,Public,https://comesa.opendataforafrica.org/,"Economic analysis, policy development",2025,Data harmonization challenges across member states
Africa Development Indicators,Socioeconomic,World Bank,Africa-wide,Tabular,Public,https://data.worldbank.org/indicator,"Development planning, research",2025,Data quality varies across countries
National Bureau of Statistics Nigeria Open Data,Socioeconomic,NBS Nigeria,Nigeria,Tabular,Public,https://nigerianstat.gov.ng/,"National planning, sectoral research",2024,Navigation and search are difficult
African Economic Outlook Data,Socioeconomic,Kaggle User: Waalbanny Antudre (based on OECD and AfDB data),Africa-wide,Tabular,Open Access (CC BY 4.0),https://www.kaggle.com/datasets/waalbannyantudre/african-economic-outlook,"Economic research, policy analysis, development planning, academic studies",2023,Contains country-level macroeconomic indicators; may require cleaning or normalization for advanced modeling
AfDB Socio-Economic Database,Socioeconomic,African Development Bank,Africa-wide,Tabular,Open Access (CC BY 4.0),https://dataportal.opendataforafrica.org/,"Policy planning, economic modeling",2024,Inconsistent updates in some sectors
Africa Development Indicators (ADI),Socioeconomic,World Bank Group,Africa-wide,Tabular,Open Access (CC BY 4.0),https://databank.worldbank.org/source/africa-development-indicators,"Economic research, policy planning, academic studies, donor funding allocation",2023,"Contains over 1,700 indicators; requires cleaning for some use cases; includes both macroeconomic and sector-specific data"
ECONOMIC CLASSIFICATION OF CENTRAL GOV'T REVENUE,Socioeconomic,Ghana Ministry of Finance,Ghana,Tabular,Open Access (ODC-By 1.0),https://www.data.gov.gh/,"Budget analysis, fiscal policy",2014,Data may be outdated; limited to 2010-2014
MDA Expenditure Allocations (2012),Socioeconomic,Ghana Ministry of Finance,Ghana,Tabular,Open Access (ODC-By 1.0),https://www.data.gov.gh/,"Government spending analysis, policy planning",2012,Data may be outdated; limited to
Household Surveys from WB Microdata Library,Socioeconomic,National Statistics Offices / World Bank,Africa-wide,Tabular,Mixed Licenses,https://microdata.worldbank.org/index.php,"Poverty analysis, economic planning",2019,Data may be outdated or uneven in quality
South Africa General Household Survey (GHS) 2020,Socioeconomic,Statistics South Africa,South Africa,Tabular,Public,https://www.statssa.gov.za/?page_id=1854&PPN=P0318&SCH=72915,"Poverty analysis, economic planning",2020,Data may be outdated
ILOSTAT Africa Labour Stats,Socioeconomic,ILO,Africa-wide,Tabular,Open Access (CC BY 4.0),https://ilostat.ilo.org/data/africa/,"Job market AI, skills-demand modeling",2025,Aggregated; missing data in fragile states
African Financial Markets Dataset,Socioeconomic,African Financial Markets Initiative,Africa-wide,Tabular,Open Access (CC BY 4.0),https://africanfinancialmarkets.org/dataset/,"Economic forecasting, risk modeling",2023,Access restrictions for detailed data
Mobile Money Transaction Data (Synthetic/Anonymized),Socioeconomic,"Zindi Africa competitions, research simulations",Africa-wide,Tabular,Open Access (CC BY 4.0),https://zindi.africa/competitions/financial-inclusion-in-africa/data,"Fraud detection, credit scoring for the unbanked, understanding financial behavior, agent network optimization.",2024,Synthetic data may not capture all real-world complexities; real data is proprietary and highly sensitive.
EAC Data Atlas,Socioeconomic,East African Community,East Africa,Tabular,Public,https://eac.opendataforafrica.org/qvbzoeb/eac-data-atlas,"Policy harmonization, trade analysis",2024,Data harmonization across countries is challenging
Africa Economic and Crisis Indicators,Socioeconomic,Kaggle (user: chirin),Africa-wide,Tabular,Public,https://www.kaggle.com/datasets/chirin/africa-economic-banking-and-systemic-crisis-data,"Economic forecasting, crisis modeling, banking risk analysis",2019,Time range limited; may not reflect post-2019 dynamics
Global MPI 2024 – Multidimensional Poverty Index,Socioeconomic,"Oxford Poverty & Human Development Initiative (OPHI), United Nations Development Programme (UNDP)",Africa-wide,Tabular,Open Access (CC BY‑NC‑SA  4.0),https://ophi.org.uk/global-mpi/2024/,"Poverty targeting, conflict impact analysis, agricultural policy design, rural livelihoods research, social protection planning",2024,Country-level aggregated data; not household-level microdata; some regions have limited disaggregation
"Temporary Migration Dataset – Mobile Phone Data, Senegal",Socioeconomic,"Springer Nature (via Figshare), Authors: Elodie Gauthier, Laurent Gardes, Yannick L'Horty",Senegal,Tabular,Open Access (CC BY 4.0),https://springernature.figshare.com/articles/dataset/A_highly_granular_temporary_migration_dataset_derived_from_mobile_phone_data_in_Senegal/28023170,"Migration modeling, rural-urban labor tracking, agricultural workforce planning, AI-based mobility dashboards",2023,Derived from mobile phone CDRs; high spatial and temporal resolution; useful for population movement analysis; may require preprocessing
Nigeria Road Traffic Data,Socioeconomic,xMap AI,Nigeria,Geospatial,Open Access (CC BY 4.0),https://www.xmap.ai/data-catalogs/nigeria-road-traffic-data,"Transport planning, logistics optimization, route modeling, smart agriculture supply chains",2024,High-resolution road network data; includes traffic flow and speed; may require GIS tools for integration with other datasets
The Impacts of the Africa Continental Free Trade Area on the Kenyan Economy,Socioeconomic,"Joint Research Centre (JRC)
— European Commission",Kenya,Tabular,Open Access (CC BY 4.0),https://datam.jrc.ec.europa.eu/datam/mashup/AFCFTA_KENYA/index.html?rdr=1765188734272,Analyze economic effects of AfCFTA implementation on Kenya,2025,May require EU institutional affiliation or formal request for full access
Data on Expenditures on Food and Alcoholic Beverages,Socioeconomic,Economic Research Service,Tanzania,Tabular,Public,https://datum.africa/datasets/data-on-expenditures-on-food-and-alcoholic-beverages-in,"Analyze food affordability and inflation impact
- Map poverty and consumption patterns
- Inform social protection programs (e.g., cash transfers)
- Academic research on dietary transitions
- Business market sizing for FMCG and beverage industries",2022,"May be based on outdated household surveys
- Alcoholic beverage data may be underreported due to stigma
- Regional or subnational breakdowns may be missing
- No clear methodology or sampling info on page
- License and citation not specified"
Roboflow Transportation Datasets Collection,Socioeconomic,Roboflow Universe Community,Africa-wide,Image,Open Access (CC0 – Public Domain),https://universe.roboflow.com/browse/transportation,"Autonomous vehicles, traffic monitoring, smart cities, infrastructure inspection, AI-based logistics",2024,Contains over 100+ datasets; many suitable for real-world use in African transport systems; requires internet access to browse
Africa Regional Out-of-School Rates (1970–2018),Socioeconomic,"UNICEF, UNESCO, World Bank",Africa-wide,Tabular,Open Access (CC BY 4.0),https://data.humdata.org/dataset/africa-regional-out-of-school-rates-1970-2018,"Educational planning, equity analysis, population studies, policy-making",2023,"Aggregated by region and country; includes gender breakdowns; sourced from international agencies like UNESCO, DHS Surveys, MICS Surveys"
Nigeria Employment Survey,Socioeconomic,Kaggle (user: Godwin Albert),Nigeria,Tabular,Open Access (CC0 – Public Domain),https://www.kaggle.com/datasets/godwinalbert/nigeria-employment-survey,"Analyze unemployment trends by region, age, or gender
- Map informal vs formal employment
- Study impact of education on job outcomes
- Build predictive models for job market entry
- Support policy design for youth employment programs",2022,"No official source or methodology documentation provided
- May be a subset or cleaned version — original survey weights or sampling info may be missing
- Risk of misrepresentation if used without understanding survey design
- No clear distinction between “labor force” and “employed” in preview"
World Bank Open Data,Socioeconomic,World Bank,Africa-wide,Tabular,Open Access (CC BY 4.0),https://data.worldbank.org/,"Economic modeling, development research",2023,Aggregated; may lack local detail
Africa Labour Market Statistics,Socioeconomic,International Labour Organization (ILO),Africa-wide,Tabular,Open Access (CC BY 4.0),https://ilostat.ilo.org/data/africa/,"Employment trends, youth unemployment, informal sector analysis",2025,Gaps in national coverage; some data is modeled
African Genome Variation Project (AGVP),Genomics ,"Wellcome Trust Sanger Institute, Kilifi, Kenya (KEMRI-Wellcome Trust Research Programme) and partners",Africa-wide,Tabular,Open Access (CC BY 4.0),https://www.internationalgenome.org/home,"Identifying genetic variants, Studying population structure, migration patterns, Developing algorithms for analyzing complex genomic data, Identifying novel drug targets or biomarkers based on genetic associations.",2019,"access is restricted, dataset size is small, requires computational resources"
MalariaGEN Anopheles funestus ,Genomics ,MalariaGEN,Africa-wide,Tabular,Open,https://www.malariagen.net/data/,"Insecticide resistance, vector ecology ML",2025,Requires genomic pipelines; large data sizes
African Human Microbiome Portal,Genomics ,H3ABioNet / NIH,Africa-wide,Tabular,Open Access (CC BY 4.0),https://microbiome.h3abionet.org/,Microbiome-health associations,2025,"Raw data in ENA, needs integration"
AGMP: African Genomic Medicine Portal,Genomics ,AfriGen-D,Africa-wide,Tabular,Open,https://agmp.afrigen-d.org/,"Drug response ML, precision medicine",2025,"Based on literature mining, static"
Afrobarometer Surveys,Public Opinion,Afrobarometer,Africa-wide,Tabular,Public,https://www.afrobarometer.org/,"Democracy, governance, public opinion analysis, policy planning",2025,Limited frequency; some countries have gaps
ACLED Conflict Events Dataset,Peace & Security,ACLED (non-profit),Africa-wide,Mixed Formats,Open Access (CC BY-NC 4.0),https://acleddata.com/,"Conflict mapping, risk assessment, humanitarian aid targeting, policy planning",2025,"Contains event-level data on political violence, protests, riots; useful for analyzing impact on food systems, displacement, and agricultural production in conflict zones"
Tumi Datasets,Mobility,Tumi,Africa-wide,Tabular,Open,https://hub.tumidata.org/,The Mobility Data Hub for Cities,2025,Not all cities are represented 
Rwanda Education Data,Education,USAID/ICPSR,Rwanda,Tabular,Open Access (CC BY 4.0),https://www.datalumos.org/datalumos/project/237672/version/V1/view,"Evaluate impact of USAID’s flagship literacy programs (Itegure Gusoma, Mureke Dusome)
- Analyze learning outcomes in Kinyarwanda and English literacy over a decade",2025,"Limited number of reports (3) and consent forms (3) for 18 data files and 24 instruments — requires inference
- Data likely focused on specific pilot districts or regions"
Morocco Education Data,Education,USAID/ICPSR,Morocco,Tabular,Open Access (CC BY 4.0),https://www.datalumos.org/datalumos/project/237522/version/V2/view,"Evaluate the impact of the RFS-SSE pilot on early-grade reading outcomes
- Analyze effectiveness of targeted reading interventions in a Francophone context",2025,"Limited scope — single small-scale pilot project (2015–2017)
- Small number of instruments (3) and reports (5) for 14 data files — may require inference"
Senegal Education Data,Education,USAID/ICPSR,Senegal,Tabular,Open Access (CC BY 4.0),https://www.datalumos.org/datalumos/project/237673/version/V1/view,"Evaluate impact of USAID’s literacy and inclusion programs (LPT, Passerelles)
- Analyze factors contributing to out-of-school children and youth",2025,"Limited number of reports and instruments relative to data files — may require inference
- Data likely focused on specific regions or pilot areas
- No geospatial identifiers for privacy protection"
Liberia Education Data,Education,USAID/ICPSR,Liberia ,Tabular,Open Access (CC BY 4.0),https://www.datalumos.org/datalumos/project/237226/version/V1/view,"Evaluate impact of USAID’s multi-year literacy and teacher training initiatives (AQE, EGRA Plus, READ Liberia, LTTP II)
- Analyze trends in foundational reading and mathematics learning outcomes over a 13-year period",2025,"Large volume of heterogeneous files — requires significant effort to harmonize across four distinct projects
- Instruments and codebooks may use inconsistent terminology or scales"
Mali Education Data,Education,USAID/ICPSR,Mali,Tabular,Open Access (CC BY 4.0),https://www.datalumos.org/datalumos/project/237430/version/V1/view,"Evaluate impact of USAID’s gender-focused and literacy programs (GLEE, SIRA)
- Analyze girls’ enrollment, retention, and learning outcomes in a high-risk context
- Study the effectiveness of targeted reading interventions in low-resource schools",2025,"Very limited number of data files (4) and instruments (2) — suggests small-scale or pilot evaluation
- High number of consent forms (11) relative to data files — may indicate multiple site or cohort sampling"
Ghana Education Data,Education,USAID/ICPSR,Ghana,Tabular,Open Access (CC BY 4.0),https://www.datalumos.org/datalumos/project/237429/version/V1/view,"Evaluate impact of USAID’s early-grade math and reading interventions
- Analyze learning outcomes in foundational literacy and numeracy",2025,"Limited consent documentation (only 2 forms for 16 data files)
- Instruments and codebooks may vary in structure across projects
- No geospatial identifiers for privacy protection"
Niger Education Data,Education,USAID/ICPSR,Niger,Tabular,Open Access (CC BY 4.0),https://www.datalumos.org/datalumos/project/237303/version/V1/view,"Evaluate the impact of the NECS project on primary education access and quality in Niger
- Analyze learning outcomes and school management practices in a fragile, low-literacy context
- Inform national education policy and donor coordination in the Sahel region",2025,"No consent forms provided — raises ethical questions about data use and privacy
- Limited documentation — only 2 reports and 13 codebooks for 12 data files and 11 instruments
- Data likely focused on specific pilot regions or schools"
Nigeria Education Data,Education,USAID/ICPSR,Nigeria,Tabular,Open Access (CC BY 4.0),https://www.datalumos.org/datalumos/project/237675/version/V1/view,"Evaluate impact of USAID’s literacy and access programs in Northern Nigeria (NEI+, RARA)
- Analyze learning outcomes and enrollment trends in high-poverty, low-literacy regions",2025,"High number of instruments (34) with potential inconsistency across projects — requires careful harmonization
- Data likely focused on Northern Nigeria — may not represent national trends"
DRC Education Data,Education,USAID/ICPSR,DRC,Tabular,Open Access (CC BY 4.0),https://www.datalumos.org/datalumos/project/237081/version/V1/view,"Evaluate impact of USAID’s literacy and youth development programs in a fragile state context
- Analyze learning outcomes in reading, writing, and mathematics across multiple interventions",2025,"Large number of codebooks and instruments — requires significant effort to harmonize across 5 distinct projects
- Data likely collected in high-risk, low-infrastructure environments — potential for sampling bias or data quality issues"
South African Education Data,Education,USAID,South Africa,Tabular,Open Access (CC BY 4.0),https://www.datalumos.org/datalumos/project/237386/version/V1/view,"Evaluate impact of multi-stakeholder literacy and teacher development programs across a decade
- Analyze foundational literacy outcomes in South Africa’s multilingual, diverse education system
- Assess effectiveness of teacher assessment tools (TARMII-FP) and professional development (STELLAR)",2025,"Extremely large and heterogeneous dataset — requires significant effort to harmonize across 7 projects
- Instruments and codebooks vary in structure and terminology
- Limited metadata on sampling design, weighting, or cluster randomization"
Zambia Education Data,Education,USAID,Zambia ,Tabular,Open Access (CC BY 4.0),https://www.datalumos.org/datalumos/project/237626/version/V1/view,"Evaluate impact of USAID’s early childhood and literacy programs (ECE, RTS, TTL)
- Analyze learning outcomes in foundational reading and school readiness",2025,"Very limited instrument documentation — only 1 survey instrument for 13 data files
- Data likely focused on specific pilot regions or schools"
Mozambique Education Data,Education,USAID,Mozambique,Tabular,Open Access (CC BY 4.0),https://www.datalumos.org/datalumos/project/237642/version/V1/view,"Evaluate impact of USAID’s literacy programs (ApaL, Eu Leio) on early-grade reading outcomes
- Analyze learning gains in Portuguese (official language) and local languages",2025,"Very limited documentation — only 2 codebooks and 1 instrument for 7 data files
- No consent forms provided — raises ethical questions about data use and privacy
- Data likely limited to specific regions or pilot areas"
Malawi Education Data,Education,USAID,Malawi,Tabular,Open Access (CC BY 4.0),https://www.datalumos.org/datalumos/project/237426/version/V1/view,"Evaluate impact of multi-stakeholder literacy and gender equity programs across a decade
- Analyze trends in early-grade reading outcomes and learning gaps
- Study the effectiveness of teacher professional development interventions
- Assess the impact of girl-focused programs (ASPIRE, AMAA) on enrollment and retention
- Measure school-related gender-based violence (SRGBV) prevalence and program response",2025,"Very large and heterogeneous dataset — requires significant effort to harmonize across 9 projects
- Instruments and codebooks vary in structure and terminology"
Tanzania Education Data,Education,USAID,Tanzania,Tabular,Open Access (CC BY 4.0),https://www.datalumos.org/datalumos/project/237676/version/V1/view,"Evaluate impact of USAID’s literacy and education programs (Tusome Pamoja, TZ21)
- Analyze learning outcomes in Reading, Writing, and Arithmetic (3Rs)
- Study the effectiveness of teacher training and curriculum interventions",2025,"Data is raw and unharmonized across four distinct projects — requires significant merging and cleaning
- Limited documentation on sampling design and weighting"
Uganda Education Data,Education,USAID,Uganda,Tabular,Open Access (CC BY 4.0),https://www.datalumos.org/datalumos/project/237643/version/V1/view,"Evaluate impact of USAID’s multi-faceted literacy and education programs (LARA, SHRP, LASER)
- Analyze student learning outcomes in reading and mathematics
- Assess the effectiveness of school health interventions on education",2025,"Large volume of heterogeneous files — requires significant data harmonization effort
- Instruments and codebooks may use inconsistent terminology across projects"
Egypt Education data,Education,USAID,Egypt,Tabular,Open Access (CC BY 4.0),https://www.datalumos.org/datalumos/project/237646/version/V1/view,"Evaluate impact of USAID’s literacy and gender-focused education programs in Egypt
- Analyze early-grade reading and mathematics outcomes in targeted governorates (El-Beheira, Cairo)
- Study the effectiveness of community-based literacy initiatives (Literate Village Project)",2025," Limited instrument documentation — only 1 survey instrument provided for 6 data files
- Data may be geographically limited to specific governorates (El-Beheira, Cairo)"
Somalia Education data,Education,USAID,Somalia ,Tabular,Open Access (CC BY 4.0),https://www.datalumos.org/datalumos/project/237385/version/V1/view," Evaluate impact of the Bar ama Baro program on literacy and learning outcomes in Somalia
- Analyze educational access and performance in one of the world’s most fragile states",2025,"Very limited documentation — only 3 codebooks and 1 report for 12 data files
- No survey instruments provided — makes interpretation of variables difficult"
Kenya USAID Education Data,Education,USAID,Kenya,Tabular,Open Access (CC BY 4.0),https://www.datalumos.org/datalumos/project/237644/version/V1/view,"Evaluate impact of USAID’s flagship education programs (PRIMR, Tusome, EMACK II)
- Analyze youth employment outcomes and barriers in Kenya",2025,Data is raw and unprocessed — requires expert knowledge to interpret codebooks and variable labels
Ethiopia USAID Education Data,Education,USAID/ICPSR,Ethiopia,Tabular,Open Access (CC BY 4.0),https://www.datalumos.org/datalumos/project/237384/version/V1/view,"Evaluate impact of USAID education programs (IQPEP, READ, TEACH II)
- Conduct longitudinal analysis of literacy and learning outcomes in Ethiopia",2025,Data is raw and unprocessed — requires expert knowledge to interpret codebooks and variable labels
South Africa Education Data and Visualisations,Education,"University of the Free State, South Africa",South Africa,Tabular,Open Access (CC BY 4.0),https://ufs.figshare.com/articles/dataset/South_Africa_Education_Data_and_Visualisations/22081058,"Educational planning, equity analysis, population studies, policy-making",2023,Stratified by school quintiles (1–5); some visualizations may require GIS or Python tools for advanced use
Senegal ANSD Data Portal,Multiple,ANSD,Senegal,Tabular,Open Access (CC BY 4.0),https://www.ansd.sn/,Localized socioeconomic data,2023,French language interface
Open Data Barometer 2016,Multiple,World Wide Web Foundation,Africa-wide,Tabular,Open Access (CC BY 4.0),https://openafrica.net/en/dataset/groups/open-data-barometer-2016,"Open data assessment, policy development",2016,Data may be outdated; limited to 2016 assessment
Tanzania National Bureau of Statistics (NBS) Demographic Data,Demographics,Tanzania NBS,Tanzania,Tabular,Open Access (CC BY 4.0),https://www.nbs.go.tz/,"Population analysis, service delivery models",2022,Some datasets only in PDF format
WorldPop Project,Demographics,University of Southampton,Africa-wide,Geospatial,Open Access (CC BY 4.0),https://www.worldpop.org/,"Population studies, urban planning",2025,Data accuracy varies by region
Zindi Africa (Competition Platform),Multiple,Zindi Africa,Africa-wide,Mixed Formats,Open Access (CC BY 4.0),https://zindi.africa/,"Problem-solving for African challenges through machine learning competitions, talent identification.",2025,Datasets are often curated for specific competition problems; may require significant cleaning and pre-processing.
Lacuna Fund Datasets,Multiple,Lacuna Fund (Funded projects),Africa-wide,Mixed Formats,Open Access (CC BY 4.0),https://lacunafund.org/datasets/,Providing high-quality labeled datasets for low and middle-income contexts to address local problems.,2025,Focused on specific challenges and regions; relies on successful grant projects.
Deep Learning Indaba Call for African Datasets,Multiple,Deep Learning Indaba,Africa-wide,Mixed Formats,Open Access (CC BY 4.0),https://deeplearningindaba.com/,"Building a robust repository of high-quality, African-relevant datasets to fuel AI research and development.",2025,Aggregation is ongoing; quality and diversity depend on submissions.
Ookla Global Fixed Broadband & Mobile Network Maps,Digital Infrastructure,Ookla (a global leader in broadband intelligence),Africa-wide,Mixed Formats,Open Access (CC BY 4.0),https://www.ookla.com/ookla-for-good/open-data,"Internet connectivity analysis, digital inclusion planning, telemedicine feasibility, AI tool deployment in low-resource regions",2025,Contains large-scale geospatial speed test data; requires GIS tools; useful for identifying underserved zones
Kenya Open Data Portal,Multiple,Kenya National Bureau of Statistics,Kenya,Mixed Formats,Open Access (CC0 – Public Domain),https://opendata.go.ke/,"Government transparency, development projects",2025,Some datasets lack metadata or are outdated
Mauritius Open Data,Multiple,"Ministry of Information Technology, Communication and Innovation",Mauritius,Tabular,Open Access (CC BY 4.0),https://data.govmu.org/dataset/,"Government transparency, development projects, rban planning, economics , tourism, public service, education, health agriculture ",2025,
Tanzania National Bureau of Statistics (NBS) ,Multiple,National Bureau of Statistics Tanzania,Tanzania,Mixed Formats,Open Access (CC BY 4.0),NBS | Data Portals,"Agricultural planning, population analysis, economic forecasting, health policy, poverty targeting",2025,Contains rich national-level data; some sections outdated or incomplete; requires local language understanding for certain reports
City of Cape Town Open Data Portal,Multiple,City of Cape Town,South Africa,Mixed Formats,Open Access (CC BY 4.0),https://odp-cctegis.opendata.arcgis.com/,,,"Only covers one city, not regional"
National Portal of the Kingdom of Morocco,Multiple,Digital Development Agency (ADD),Morocco,Tabular,Open (Open Data Commons Open Database License - ODbL),https://www.data.gov.ma/,"Government transparency, development projects, rban planning, economics , tourism, public service, education, health agriculture ",2025,
Press Freedom Index for select African countries,Multiple,World Bank (GovDATA360 platform),Africa-wide,Tabular,Open Access (CC BY 4.0),https://open.africa/dataset/press-freedom-index-for-select-african-countries,Benchmarking government open data maturity; policy design; academic research; digital transformation monitoring,2022,Indicator coverage may be incomplete for some countries/years; definitions may vary over time; not microdata
Global Corruption Barometer Africa 2019: Citizens' Views and Experiences,Multiple,Transparency International (in partnership with Afrobarometer),Africa-wide,Tabular,Open Access (CC BY 4.0),https://charter.africa/resources/datasets/ce97373f-816b-4d62-ae8c-8778c464538c,"Anti-corruption policy design, academic research, civil society advocacy, governance benchmarking",2023,"Data is from 2019 so it may not reflect current realities; self-reported bias; limited to 35 countries in Africa
"
Ghana Open Data Initative ,Multiple,National Information Technology Agency (NITA),Ghana,Tabular,Open Access (ODC-By 1.0),https://data.gov.gh/search/type/dataset,"Government transparency, development projects, rban planning, economics , tourism, public service, education, health agriculture ",2025,
